Date,Title,Link,Members
2015.08.01,BTS Live in Brazil,https://www.vlive.tv/video/1084,Jin
2015.08.01,BTS Live in Brazil,https://www.vlive.tv/video/1089,"Jimin, Jungkook, Jin"
2015.08.02,BTS Live in Chile,https://www.vlive.tv/video/1123,"Jin, Suga, JHope, RM, Jimin, V, Jungkook"
2015.08.06,BTS Live in the airport,https://www.vlive.tv/video/1174,"Jimin, Jungkook, Suga"
2015.08.07,BTS Live #1,https://www.vlive.tv/video/1198,"RM, V, Jungkook"
2015.08.07,BTS Live #2,https://www.vlive.tv/video/1199,"Jin, Suga, Jimin, JHope"
2015.08.13,BTS Live in Tokyo,https://www.vlive.tv/video/1226,"V, Jimin, JHope"
2015.08.19,BTS Live in Osaka,https://www.vlive.tv/video/1350,"Jin, Suga, JHope, RM, Jimin, V, Jungkook"
2015.08.29,BTS Live in Hong Kong,https://www.vlive.tv/video/1453,JHope
2015.08.31,JUNG KOOK'S BIRTHDAY!,https://www.vlive.tv/video/1593,"Jin, Suga, JHope, RM, Jimin, V, Jungkook"
2015.09.03,BTS êµ¬ì˜¤ì¦ˆ ë§Œë‹¤ê¼¬ ?_?,https://www.vlive.tv/video/1618,"Jimin, V"
2015.09.10,BTS Live on the way out,https://www.vlive.tv/video/1805,"JHope, Jimin, RM, V, Jungkook"
2015.09.11,Rap Monster's Birthday!!,https://www.vlive.tv/video/1850,"Jin, Suga, JHope, RM, Jimin, V, Jungkook"
2015.09.20,BTS RM&SUGA&j-hope @ALL FORCE ONE,https://www.vlive.tv/video/2009,"JHope, Suga, RM"
2015.09.25,BTS êµ¬ì˜¤ì¦ˆ ë§Œë‹¤ê¼¬ ?ã……?,https://www.vlive.tv/video/2104,"Jimin, V"
2015.09.27,ì†ì— ì† ì¡ê³ ... ~Chuseok Greeting From.BTS~,https://www.vlive.tv/video/2139,"Jin, Suga, JHope, RM, Jimin, V, Jungkook"
2015.09.30,í™”ê°œì¥í„° pre-open,https://www.vlive.tv/video/2184,"JHope, Suga "
2015.10.12,BTS JIMIN's Birthday!!,https://www.vlive.tv/video/2428,"Jin, Suga, JHope, RM, Jimin, V, Jungkook"
2015.10.15,BTS Eat Jin Live : ë°°ê³ í”„ì§€ ì•Šì•„ìš”?,https://www.vlive.tv/video/2519,"Jin, V(cameo)"
2015.10.18,BTS êµ¬ì˜¤ì¦ˆ ë§Œë‹¤ê¼¬ ?ã…¡?,https://www.vlive.tv/video/2559,"Jimin, V, JHope, Jungkook"
2015.11.23,BTS Live,https://www.vlive.tv/video/3515,"JHope, V, Suga"
2015.11.24,BTS Live,https://www.vlive.tv/video/3541,"RM, Jimin"
2015.11.24,BTS Live,https://www.vlive.tv/video/3570,"Jin, Suga, JHope, RM, Jimin, V, Jungkook"
2015.11.25,BTS Live,https://www.vlive.tv/video/3578,"Jin, Jungkook"
2015.11.26,BTS Live,https://www.vlive.tv/video/3606,"Suga, RM(cameo)"
2015.11.27,BTS í™”ì–‘ì—°í™” on Stage Live,https://www.vlive.tv/video/3662,Jin
2015.11.27,BTS í™”ì–‘ì—°í™” on Stage Live,https://www.vlive.tv/video/3663,Jimin
2015.11.27,BTS í™”ì–‘ì—°í™” on Stage Live,https://www.vlive.tv/video/3664,Suga
2015.11.28,BTS í™”ì–‘ì—°í™” on Stage Live,https://www.vlive.tv/video/3693,RM
2015.11.28,BTS í™”ì–‘ì—°í™” on Stage Live,https://www.vlive.tv/video/3695,Jin
2015.11.28,BTS í™”ì–‘ì—°í™” on Stage Live,https://www.vlive.tv/video/3696,Jin
2015.11.28,BTS í™”ì–‘ì—°í™” on Stage Live,https://www.vlive.tv/video/3697,"JHope, Jungkook"
2015.11.28,BTS í™”ì–‘ì—°í™” on Stage Live,https://www.vlive.tv/video/3701,"Suga, V(cameo)"
2015.11.29,BTS í™”ì–‘ì—°í™” on Stage Live,https://www.vlive.tv/video/3722,Jin
2015.11.29,BTS í™”ì–‘ì—°í™” on Stage Live,https://www.vlive.tv/video/3724,Suga
2015.11.29,BTS í™”ì–‘ì—°í™” on Stage Live,https://www.vlive.tv/video/3725,V 
2015.11.30,BTS in MAMA BACKSTAGE,https://www.vlive.tv/video/3763,"Jin, Suga, JHope, RM, Jimin, V, Jungkook"
2015.12.01,BTS Live in Hong Kong,https://www.vlive.tv/video/3789,Suga
2015.12.01,BTS Live in Hong Kong,https://www.vlive.tv/video/3793,V
2015.12.04,BTS JIN'S Birthday!!,https://www.vlive.tv/video/3879,"Jin, Suga, JHope, RM, Jimin, V, Jungkook"
2015.12.09,BTS 1ìœ„ ì¶•í•˜ Live,https://www.vlive.tv/video/3973,"Jin, Suga, JHope, RM, Jimin, V, Jungkook"
2015.12.17,BTS Eat Jin Live : ë°°ê³ í”„ì§€ ì•Šì•„ìš”?,https://www.vlive.tv/video/4131,Jin
2015.12.17,BTS Eat Jin Live : ë°°ê³ í”„ì§€ ì•Šì•„ìš”? 2,https://www.vlive.tv/video/4134,Jin
2016.01.19,BTS Live in Vietnam,https://www.vlive.tv/video/4938,"Jin, Suga, JHope, Jimin, V, Jungkook"
2016.01.26,BTS Hope On The Street Live,https://www.vlive.tv/video/5160,JHope
2016.01.26,BTS Hope On The Street Live 2,https://www.vlive.tv/video/5185,"JHope, Jungkook"
2016.01.31,BTS êµ¬ì˜¤ì¦ˆ ë§Œë‹¤ê¼¬ ã…¡ã……ã…¡,https://www.vlive.tv/video/5316,"Jimin, V"
2016.02.17,BTS J-hope's Birthday!!,https://www.vlive.tv/video/5741,"Jin, Suga, JHope, RM, Jimin, V, Jungkook"
2016.02.18,BTS í˜¸ë¹„ë‘ ë†€ì â™¡,https://www.vlive.tv/video/5753,JHope
2016.02.18,BTS í˜¸ë¹„ë‘ ë†€ì â™¡ 2,https://www.vlive.tv/video/5787,"JHope, Jimin "
2016.02.26,BTS Eat Jin Live : ë°°ê³ í”„ì§€ ì•Šì•„ìš”?,https://www.vlive.tv/video/5999,"Jin, Suga"
2016.03.02,BTS í™”ê°œì¥í„° 0íšŒ [ ëŒ€êµ­ë¯¼ì‚¬ê³¼ë°©ì†¡ ],https://www.vlive.tv/video/6118,"Suga, JHope"
2016.03.02,BTS í™”ê°œì¥í„° 1íšŒ [ ìš”ì§€ë¶€ë™ ],https://www.vlive.tv/video/6121,"Suga, JHope"
2016.03.09,BTS <ê¿€FM 03.09> Mini Radio with SUGA,https://www.vlive.tv/video/6257,"Suga, JHope, Jimin, V"
2016.03.10,BTS congratulations on 2 million followers,https://www.vlive.tv/video/6300,"Jin, Suga, JHope, RM, Jimin, V, Jungkook"
2016.03.22,BTS Live in Kobe,https://www.vlive.tv/video/6717,V
2016.03.23,BTS Live in Kobe <íƒœí˜•ì´ ë„ì´¬>,https://www.vlive.tv/video/6747,"V, Jimin "
2016.04.13,BTS Hope On The Street Live,https://www.vlive.tv/video/7390,"JHope, Jimin, V"
2016.05.06,BTS 160506 SUGA,https://www.vlive.tv/video/8155,Suga
2016.05.07,BTS í™”ì–‘ì—°í™” on stage : epilogue Live,https://www.vlive.tv/video/8165,Jin
2016.05.07,BTS í™”ì–‘ì—°í™” on stage : epilogue Live,https://www.vlive.tv/video/8167,"Jimin, Jungkook"
2016.05.07,BTS í™”ì–‘ì—°í™” on stage : epilogue Live,https://www.vlive.tv/video/8181,"JHope, V, Jin, Jimin, Jungkook"
2016.05.17,BTS Live,https://www.vlive.tv/video/8526,"Jin, Suga, JHope, Jimin, Jungkook, RM"
2016.05.21,BTS Live,https://www.vlive.tv/video/8707,"Jin, Suga, JHope, RM, Jimin, V, Jungkook"
2016.05.22,BTS Live,https://www.vlive.tv/video/8735,"JHope, Jimin"
2016.05.23,BTS Live,https://www.vlive.tv/video/8776,"Suga, Jungkook"
2016.06.02,BTS Live in Paris,https://www.vlive.tv/video/9271,"Jimin, V, JHope, Jin, Jungkook, RM"
2016.06.10,BTS Eat Jin Live : ìƒì¼ìƒ,https://www.vlive.tv/video/9718,"Jin, Suga, JHope, RM, Jimin, V, Jungkook"
2016.06.13,BTS Live,https://www.vlive.tv/video/9824,"JHope, Jimin, Suga"
2016.06.18,BTS Live in Macau,https://www.vlive.tv/video/10080,V
2016.06.21,BTS í™”ê°œì¥í„° 1.5íšŒ [ ë²Œì¹™ìˆ˜í–‰ ],https://www.vlive.tv/video/10150,"Suga, JHope"
2016.07.12,BTS Live in Osaka,https://www.vlive.tv/video/11149,"V, Jungkook"
2016.07.13,BTS Live in Osaka (ë§Œë‹¤ê¼¬ + Eat Jin),https://www.vlive.tv/video/11196,"Jimin, Jungkook, Jin, V, JHope(cameo)"
"2016.08,13",BTS Live in Tokyo,https://www.vlive.tv/video/12380,"JHope, Jimin, V"
2016.08.27,BTS Live in Tokyo,https://www.vlive.tv/video/13067,RM
2016.09.13,BTS ~chuseok greeting~ Live,https://www.vlive.tv/video/13898,"Jin, Suga, JHope, RM, Jimin, V, Jungkook"
2016.09.22,BTS congratulations on 3 million followers,https://www.vlive.tv/video/14220,"Jin, Suga, JHope, RM, Jimin, V, Jungkook"
2016.10.13,BTS Live : VLIVE 1st Aniversary giftğŸ,https://www.vlive.tv/video/15238,"Jin, Suga, JHope, RM, Jimin, V, Jungkook"
2016.10.20,BTS Live : WINGS Behind story by RM,https://www.vlive.tv/video/15694,"RM, JHope(cameo)"
2016.11.19,BTS Live : ìƒíƒ„ì†Œë…„ë‹¨ğŸ†ğŸ˜,https://www.vlive.tv/video/17355,"Jin, Suga, JHope, RM, Jimin, V, Jungkook"
2016.11.26,BTS Live : ì§€ë¯¼ì´ì˜ ìƒ‰ì¹ ê³µë¶€ğŸ¨,https://www.vlive.tv/video/17720,Jimin
2016.11.27,BTS Live : VğŸ˜¬,https://www.vlive.tv/video/17739,"Jimin(cameo), V"
2016.11.27,BTS Live: VV,https://www.vlive.tv/video/17751,V
2016.11.28,BTS Live : RM ğŸŠ,https://www.vlive.tv/video/17820,RM
2016.11.29,BTS Live : JK ğŸ°,https://www.vlive.tv/video/17878,Jungkook
2016.11.30,BTS Live : SOPE ğŸ‘¨â€â¤ï¸â€ğŸ‘¨,https://www.vlive.tv/video/17943,"Suga, JHope"
2016.12.01,BTS Live : Eat JinğŸ´,https://www.vlive.tv/video/18011,"Jin, Jungkook(phone cameo), JHope/Jimin(phone cameo)"
2016.12.04,BTS Live : ì§„ì´ì™€ í•¨ê»˜ ê²Œì„ì„!,https://www.vlive.tv/video/18153,Jin
2016.12.13,"BTS Live : íƒœí˜•ì´ì˜ ""ë³´ê³  ì‹¶ì–´ì„œ ì™”ì–´ìš”!"" ğŸ¡ğŸ¤",https://www.vlive.tv/video/18766,V
2016.12.14,BTS Live : RM ğŸ˜‡,https://www.vlive.tv/video/18878,RM
2016.12.15,BTS Live : Eat Jin + chimchimğŸ˜‚ + kook,https://www.vlive.tv/video/18956,"Jimin, Jin, Jungkook"
2016.12.24,BTS Live : ë°©íƒ„ í¬ë¦¬ìŠ¤ë§ˆìŠ¤ğŸ„ì„ ë¬¼íŒŒí‹°ğŸ,https://www.vlive.tv/video/19548,"Jin, Suga, JHope, RM, Jimin, V, Jungkook"
2017.01.03,RM's Hello 2017!ğŸ˜˜,https://www.vlive.tv/video/20090,RM
2017.02.07,BTS íŒ”ë¡œì›Œ 400ë§Œ ëŒíŒŒ ê¸°ë… â™¨ì§¬ë½•ë¼ì´ë¸Œâ™¨,https://www.vlive.tv/video/22402,"Jin, Suga, JHope, RM, Jimin, V, Jungkook"
2017.02.17,í•´í”¼ë²Œì“°ë°ì´ ì©¨ì´í˜¸ì˜¤ì˜¤ì˜µ!ğŸ’•ğŸ‚,https://www.vlive.tv/video/23227,"JHope, Jin, Jungkook, Jimin, V"
2017.02.19,ì§„ì˜ğŸ˜˜ Face Photo í”„ë¦¬ë·°,https://www.vlive.tv/video/23277,Jin
2017.02.22,ì§„ì´ì˜ ì¡¸ì—…ğŸ‘¨ğŸ»â€ğŸ“Live,https://www.vlive.tv/video/23508,"Jin, Suga, JHope, RM, Jimin, V, Jungkook"
2017.03.02,CH+[Replay]ì§„í˜• ì¡¸ì—… ã…Šã…‹ ì¤€ë¹„ì¤‘,https://www.vlive.tv/video/23510,"Jimin, JHope"
2017.03.17,RM ğŸ¤¢,https://www.vlive.tv/video/25245,RM
2017.03.23,ì§„ì˜ğŸ˜˜ ë‹¨ë ¨ ë°©ì†¡,https://www.vlive.tv/video/25704,Jin
2017.03.24,CH+[Replay] Taehyung's ClassicğŸ¶,https://www.vlive.tv/video/25339,V
2017.03.24,"CH+[Replay] í™‰ì´ì˜ ì±„í”Œë¼ ""ì™€ìŒ‰ì¼€ì´ì½˜""",https://www.vlive.tv/video/25302,"JHope, Jimin"
2017.03.24,ë‰´ìš”ì»¤ ë¯¼ìœ¤ê¸°,https://www.vlive.tv/video/25932,Suga
2017.03.24,íƒœí˜•ì´ì˜ í´ë˜ì‹2 ğŸ¶,https://www.vlive.tv/video/25933,V
2017.04.22,ê¾¸ê¸° ë¼ì´ë¸ŒğŸ°ğŸ‡,https://www.vlive.tv/video/28276,Jungkook
2017.04.22,ê¾¸ê¸° ë¼ì´ë¸Œ ë‹¤ì‹œ ë„ì „!,https://www.vlive.tv/video/28277,"Jungkook, Jimin(cameo), V(cameo)"
2017.04.23,BTS Live : EAT Jin + JM&JK,https://www.vlive.tv/video/28322,"Jin, Jimin, Jungkook"
2017.05.05,í™”ê°œì¥í„° : í•„ë¦¬í•€ì— ì˜¤ë‹¤!,https://www.vlive.tv/video/29424,"Suga, JHope"
2017.05.06,ì•ˆë…• íƒœí˜•ì´ì•¼ğŸ¯,https://www.vlive.tv/video/29499,V
2017.05.20,RM : Las Vegas Live ğŸ˜,https://www.vlive.tv/video/30771,RM
2017.05.21,BTS in BBMAs,https://www.vlive.tv/video/30805,"Jin, Suga, JHope, RM, Jimin, V, Jungkook"
2017.05.21,ê³ ë§ˆì›Œìš” ì•„ë¯¸! Top Social A.R.M.Y!,https://www.vlive.tv/video/30840,"Jin, Suga, JHope, RM, Jimin, V, Jungkook"
2017.06.21,BTS Live : ì‡ì§„ ğŸ¤£ğŸ¤£,https://www.vlive.tv/video/33617,Jin
2017.06.22,BTS Live : í™”ê°œì¥í„° ì† ê¿€í”¼ë¶€ë¥¼ ë¶€íƒí•´ğŸ˜†,https://www.vlive.tv/video/33698,"Suga, JHope"
2017.06.23,BTS Live : ê¹€íƒœí˜•ê³¼ í•¨ê»˜í•˜ëŠ” ê³ ë¯¼ìƒë‹´ì†Œ,https://www.vlive.tv/video/33811,V
2017.06.25,BTS Live : RM ğŸ¤¢,https://www.vlive.tv/video/33905,RM
2017.07.20,new Mon studioğŸµ,https://www.vlive.tv/video/36344,"RM, Suga(cameo)"
2017.09.18,BTS Live : ê¹œì§ ë¼ì´ë¸ŒğŸ‰,https://www.vlive.tv/video/42069,"Jin, Suga, JHope, RM, Jimin, V, Jungkook"
2017.09.30,BTS ë¹Œë³´ë“œ ìˆ˜ìƒğŸ†ê³µì•½! ë¨¹ë°© ë¼ì´ë¸ŒğŸ´,https://www.vlive.tv/video/43376,"Suga, JHope, RM, Jimin, V, Jungkook"
2017.10.07,RM : LOVE YOURSELF æ‰¿ â€˜Herâ€™ Behind,https://www.vlive.tv/video/43778,"RM, Jimin(cameos), JHope(cameo)"
2017.10.13,ìƒì¼ ì¶•í•˜í•©ë‹ˆë‹¤!ğŸ‚,https://www.vlive.tv/video/44325,Jimin
2017.10.14,EAT Jin!ğŸ´,https://www.vlive.tv/video/44398,Jin
2017.10.15,R&V Live,https://www.vlive.tv/video/44464,"RM, V"
2017.11.09,RM Live!ğŸ¤¢,https://www.vlive.tv/video/47519,"RM, Jimin(cameo), JHope(cameo)"
2017.11.16,í˜¸ë¹„ì™€ í•¨ê»˜ ìˆ˜ë‹¤íƒ€ì„! ğŸ˜˜,https://www.vlive.tv/video/48686,JHope
2017.11.19,BTS in AMAs ğŸ˜,https://www.vlive.tv/video/49001,"Jin, Suga, JHope, RM, Jimin, V, Jungkook"
2017.12.04,WORLD WIDE HANDSOME JIN DayğŸ‚ Live,https://www.vlive.tv/video/50929,"Jin, RM(cameo), Suga(cameo), Jimin(cameo), V(cameo), Tan(cameo)"
2017.12.08,JM & JK Live! ğŸ¶ğŸ°,https://www.vlive.tv/video/51453,"Jimin, Jungkook"
2018.01.03,RM's Hello 2018!ğŸ˜˜,https://www.vlive.tv/video/54158?,RM
2018.01.11,ìš°ë¦¬ ì•„ë¯¸ğŸ’• ëŒ€ìƒ ë°›ì•˜ë„¤!ğŸ†,https://www.vlive.tv/video/55001,"Jin, Suga, JHope, RM, Jimin, V, Jungkook"
2018.02.18,í˜¸ë¹„ë‘ ë†€ì ğŸ‚,https://www.vlive.tv/video/59857,"JHope, Jimin(cameo)"
2018.03.01,j-hope Mixtape <Hope World> Behind,https://www.vlive.tv/video/61315,JHope
2018.04.20,BTS Live : JK,https://www.vlive.tv/video/67815,Jungkook
2018.04.23,ì˜¤ëœë§Œì´ì—ìš”!,https://www.vlive.tv/video/68140,Jimin
2018.05.20,ì•ˆë…•!,https://www.vlive.tv/video/71936,Jimin
2018.05.20,ìš°ë¦¬ ì•„ë¯¸ ìƒ ë°›ì•˜ë„¤!ğŸ˜,https://www.vlive.tv/video/72022,"Jin, Suga, JHope, RM, Jimin, V, Jungkook"
2018.05.24,Mnet <BTS COMEBACK SHOW> PRE Live!,https://www.vlive.tv/video/72550,"Jin, Suga, JHope, RM, Jimin, V, Jungkook"
2018.05.28,RM : LOVE YOURSELF è½‰ â€˜Tearâ€™ Behind,https://www.vlive.tv/video/73120,"RM, Jungkook(cameo), Jin(cameo)"
2018.06.10,BTS ë§‰ë°© Live,https://www.vlive.tv/video/75052,"Suga, JHope, RM, Jimin, V, Jungkook"
2018.07.25,BTS ë§‰ê±¸ë¦¬ ê³µì•½ Live,https://www.vlive.tv/video/81815,"Jin, Suga, JHope, RM, Jimin, V, Jungkook"
2018.08.31,"ë°©íƒ„ì˜ ì˜¤, ëŠ˜ Live",https://www.vlive.tv/video/87009,"Jin, Suga, JHope, RM, Jimin, V, Jungkook"
2018.09.02,RM : LOVE YOURSELF çµ â€˜Answerâ€™ Behind,https://www.vlive.tv/video/87226,RM
2018.09.05,BTS Live : EAT Jin,https://www.vlive.tv/video/87662,Jin
2018.09.06,BTS Live : í‘ë°œ ìë‘ ë¼ì´ë¸ŒğŸ˜,https://www.vlive.tv/video/87802,Jungkook
2018.09.07,BTS Live : ì˜¤ëœë§Œì´ì£ ?! ğŸ˜—,https://www.vlive.tv/video/87954,"Jimin, Jin"
2018.09.09,BTS Live : ì©¨ì´~í˜¸~~~~ì˜µ~~!ğŸ˜˜,https://www.vlive.tv/video/88145,"JHope, Jungkook(cameo), RM(cameo), V(cameo)"
2018.09.10,BTS Live : ë°˜ë³µëœ ë¸Œì´ì•±ê²Œì„,https://www.vlive.tv/video/88372,Suga
2018.09.12,BTS Live : Happy RM Day!ğŸ‚,https://www.vlive.tv/video/88572,"RM, Jin/Suga/JHope/Jimin/V/Jungkook(cameo)"
2018.09.28,BTS Live : ì ê¹ ë“¤ë¦´ê»˜ìš”!,https://www.vlive.tv/video/90704,Jungkook
2018.10.04,BTS Live : ì˜¤ëœë§Œ,https://www.vlive.tv/video/92410,V
2018.10.13,BTS Live : ma birthday!ğŸ˜—,https://www.vlive.tv/video/93702,Jimin
2018.10.16,BTS Live : JKğŸ°,https://www.vlive.tv/video/94185,Jungkook
2018.10.20,BTS Live: íŒŒë¦¬ì˜ ë°¤!ğŸ˜•,https://www.vlive.tv/video/94864,"V, JHope(cameo)"
2018.10.20,BTS Live : ë‹¤ì‹œ!,https://www.vlive.tv/video/94865,"V, JHope"
2018.11.01,RM MONO Behind ğŸ˜,https://www.vlive.tv/video/96907,RM
2018.12.04,BTS Live : Seokjin's Birthday!ğŸ‚,https://www.vlive.tv/video/102489,"Jin, Jimin(cameo), RM(cameo), JHope(cameo)"
2018.12.05,BTS Live : ì„ ë¬¼ì™”ìŠµë‹ˆë‹¤~!ğŸ¶,https://www.vlive.tv/video/102703,"V, Tan, Jimin(cameos)"
2019.01.19,BTS Live : ë‚´ê°€ ì™”ë‹¤!,https://www.vlive.tv/video/109729,Jimin
2019.01.28,BTS Live : HOPE WORLD!ğŸ˜³,https://www.vlive.tv/video/110957,JHope
2019.02.10,and the t ht g gg gram....,https://www.vlive.tv/video/112599,"Jin, Suga, JHope, RM, Jimin, V, Jungkook"
2019.02.11,and the t ht g gg gram....2,https://www.vlive.tv/video/112627,"Jin, Suga, JHope, RM, Jimin, V, Jungkook"
2019.02.16,BTS Live : ì½˜ì„œíŠ¸ì—ì„œ ê°“ íŠ€ì–´ë‚˜ì˜¨ë“¯í•œ ìŠˆê°€,https://www.vlive.tv/video/113460,"Suga, RM(cameo)"
2019.02.17,BTS Live : HOPE Day countdownğŸ‰,https://www.vlive.tv/video/113540,"JHope, Jin/RM/Jimin/V/Jungkook(cameo)"
2019.02.20,BTS Live : Rkive ğŸ˜ğŸ˜œ,https://www.vlive.tv/video/114028,"RM, Jimin, V"
2019.02.20,BTS Live : Rkive 2,https://www.vlive.tv/video/114038,RM
2019.03.09,BTS Live : ìƒì¼ ì¶•í•˜í•´ì£¼ì…”ì„œ ê°ì‚¬í•©ë‹ˆë‹¤!,https://www.vlive.tv/video/117442,"Suga, V(cameo), JHope(cameo, Lee Hyun(cameo)"
2019.03.19,BTS Live : í™ì½© ì‡ì§„ğŸ˜†,https://www.vlive.tv/video/119203,Jin
2019.04.01,BTS Live : í™”ê°œì¥í„° í•´ì²´ ë°œí‘œ,https://www.vlive.tv/video/121351,"Suga, JHope, RM(cameo)"
2019.04.14,BTS Live : ê°ì‚¬í•©ë‹ˆë‹¤ì•™!ğŸ°,https://www.vlive.tv/video/123634,Jungkook
2019.04.23,RM - MAP OF THE SOUL : PERSONA Behind,https://www.vlive.tv/video/125174,RM
2019.05.01,Do you know BTS?,https://www.vlive.tv/video/126857,"Jin, Suga, JHope, RM, Jimin, V, Jungkook"
2019.05.11,BTS Live : ì°~!,https://www.vlive.tv/video/128538,Jin
2019.05.18,BTS Live : EAT Jin (with Jimin),https://www.vlive.tv/video/129795,"Jin, Jimin"
2019.05.18,BTS Live : ê·¸ë ‡ê²Œ ë¯¿ì—ˆê±´ë§Œ...,https://www.vlive.tv/video/129798,"Jungkook, Jimin, Jin, V"
2019.05.21,BTS Live : Hope is Here~!ğŸ˜Œ,https://www.vlive.tv/video/130252,JHope
2019.06.01,BTS Live : ì—~ì˜¤~!,https://www.vlive.tv/video/132393,Suga
2019.06.02,BTS Live : ì „ ëˆˆë¬¼ì´ ì—†ëŠ” ì‚¬ëŒì…ë‹ˆë‹¤ ğŸ˜­,https://www.vlive.tv/video/132457,Jungkook
2019.06.06,BTS Live : MiniMoniğŸ˜,https://www.vlive.tv/video/133130,"RM, Jimin"
2019.06.07,BTS Live : ì˜¤ëœë§Œì´ì—ìš”ğŸ’œ,https://www.vlive.tv/video/133368,V
2019.06.08,BTS Live VOPE ë¼ë¦¿~!,https://www.vlive.tv/video/133450,"JHope, V"
2019.06.15,BTS Live : Busan is PurpleğŸ’œ,https://www.vlive.tv/video/134640,Jimin
2019.06.16,"BTS Live : After a Happy Time, a Relaxed GlassğŸ·",https://www.vlive.tv/video/134733,Jungkook
2019.07.14,BTS Live : í ,https://www.vlive.tv/video/139686,Suga
2019.08.10,BTS Live : say hello to me,https://www.vlive.tv/video/144146,"Jimin, JHope(cameo), V(cameo)"
2019.08.12,BTS Live : Smiling,https://www.vlive.tv/video/144299,Jimin
2019.08.14,BTS Live : I'm hereğŸ˜—,https://www.vlive.tv/video/144678,"Jimin, Jin(cameo), RM(cameo)"
2019.09.14,BTS Live : EAT Jin,https://www.vlive.tv/video/149770,Jin
2019.09.27,j-hope! ğŸ—ğŸœ,https://www.vlive.tv/video/152270,"JHope, V(cameo)"
2019.09.27,j-hope! ğŸ—ğŸœ 2,https://www.vlive.tv/video/152274,"JHope, Jungkook(cameo)"
2019.10.12,Seeing ARMY before my birthdayğŸ’œ,https://www.vlive.tv/video/154852,Jimin
2019.10.20,Here I am~!ğŸ˜‰,https://www.vlive.tv/video/156139,Jimin
2019.11.23,EAT Jin,https://www.vlive.tv/video/162219,Jin
2019.12.04,Jin's birthday V Live,https://www.vlive.tv/video/163801,"Jin, Jimin, JHope, Jungkook, V, RM(cameo)"
2019.12.04,Jin's birthday V LIVE starts again,https://www.vlive.tv/video/163804,"Jin, JHope(cameo), Jimin, V, Jungkook"
2019.12.13,SUGA's Interlude,https://www.vlive.tv/video/165640,Suga
2019.12.14,It's been forever ğŸ¤£ğŸ¤£,https://www.vlive.tv/video/165716,RM
2019.12.14,"It's been forever, too ğŸ¯",https://www.vlive.tv/video/165723,V
2019.12.31,My belated birthday!ğŸ¯,https://www.vlive.tv/video/168226,V
2019.12.31,Happy New Year with ARMY!,https://www.vlive.tv/video/168341,"Jin, Suga, JHope, RM, Jimin, V, Jungkook"
2020.01.22,Come hang out with me~ğŸ¯,https://www.vlive.tv/video/171795,V
2020.01.26,We're back from the 2020 Grammys~!,https://www.vlive.tv/video/172521,"Jin, Suga, JHope, RM, Jimin, V, Jungkook"
2020.01.29,TaeTae FM 6.13ğŸ¯,https://www.vlive.tv/video/172791,"V, JHope(cameo), RM(cameo)"
2020.02.17,"Hoba, love you~â¤ï¸ğŸ’œ",https://www.vlive.tv/video/175869,JHope
2020.03.05,"ARMY, we miss youğŸ’œ",https://www.vlive.tv/video/178404,"Jin, Suga, Jungkook"
2020.03.06,R&V !!!!!!!!!! ğŸ¤©ğŸ¤©,https://www.vlive.tv/video/178692,"RM, V"
2020.03.07,2 Days Before MinSuga's BirthdayğŸ’œ,https://www.vlive.tv/video/179024,"Jin, Suga, JHope, RM, Jimin, V, Jungkook"
2020.03.07,Live Before Last Performance~ğŸ’œ,https://www.vlive.tv/video/179061,"JHope, Jimin"
2020.03.08,One Day Left To SUGA's Birthday ğŸ’œ,https://www.vlive.tv/video/179103,Suga
2020.03.10,Namjun's 7 Behind ğŸ˜‚,https://www.vlive.tv/video/179339,RM
2020.03.26,I'm here~!,https://www.vlive.tv/video/182020,"Jimin, RM(cameo)"
2020.03.26,"Hello, I'm here",https://www.vlive.tv/video/182031,Jimin
2020.03.30,My brilliant appearance,https://www.vlive.tv/video/182555,"Jimin, Jin(phone cameo), V(phone cameo)"
2020.04.08,Eat JinğŸ³,https://www.vlive.tv/video/184426,Jin
2020.04.14,Today's guest is?,https://www.vlive.tv/video/185821,"Jimin, RM"
2020.04.23,We're not late today~,https://www.vlive.tv/video/187435,"RM, JHope, Jungkook(cameo)"
2020.04.24,TaeTae FM 6.13 â‘ ,https://www.vlive.tv/video/187551,V
2020.04.24,TaeTae FM 6.13 â‘¡,https://www.vlive.tv/video/187554,V
2020.04.25,DJ Suga's Honey FM 06.13,https://www.vlive.tv/video/187843,Suga
2020.04.27,JinKiMinğŸ˜„,https://www.vlive.tv/video/188036,"Jin, Suga, Jimin"
2020.05.02,DJ Suga's Honey FM 06.13 with RM #0613FM_0502,https://www.vlive.tv/video/189134,"Suga, RM"
2020.05.05,Practice making carnations for Parents' Day!,https://www.vlive.tv/video/189674,"V, Jungkook"
2020.05.05,Again,https://www.vlive.tv/video/189708,"V, Jungkook"
2020.05.07,TaeTae FM 6.13,https://www.vlive.tv/video/190154,"V, JHope(cameo)"
2020.05.09,DJ Suga's Honey FM 06.13 with JIN #0613FM_0509,https://www.vlive.tv/video/190480,"Suga, Jin"
2020.05.14,"If you're bored, watch (Be aware you might get frustrated!)",https://www.vlive.tv/video/191206,JHope
2020.05.15,DJ Suga's Honey FM 06.13 with V #0613FM_0515,https://www.vlive.tv/video/191556,"Suga, V"
2020.05.23,Suga DJ's Honey FM 06.13 with J-HOPE #0613FM_0523,https://www.vlive.tv/video/192853,"Suga, JHope"
2020.05.24,RJRJ,https://www.vlive.tv/video/192917,"Jin, RM"
2020.05.24,Eating,https://www.vlive.tv/video/192920,"Jin, RM"
2020.05.28,D-2,https://www.vlive.tv/video/193808,Suga
2020.05.30,DJ Suga's Honey FM 06.13 with JIMIN #0613FM_0530,https://www.vlive.tv/video/194120,"Suga, Jimin, RM(cameo)"
2020.06.06,DJ Suga's Honey FM 06.13 with JK #0613FM_0606,https://www.vlive.tv/video/195609,"Suga, Jungkook"
2020.06.11,Watch If You're Bored(Beware of Frustrations Part 2!),https://www.vlive.tv/video/196695,JHope
2020.06.13,DJ Suga's Honey FM 06.13 #0613FM_0613,https://www.vlive.tv/video/197352,"Jin, Suga, JHope, RM, Jimin, V, Jungkook"